<?xml version="1.0" encoding="UTF-8"?>
<beans xmlns="http://www.springframework.org/schema/beans"
	   xmlns:xsi="http://www.w3.org/2001/XMLSchema-instance"
	   xsi:schemaLocation="http://www.springframework.org/schema/beans http://www.springframework.org/schema/beans/spring-beans-3.0.xsd">
	
	<!-- 采用hibernate.cfg.xml方式配置数据源
	<bean id="sessionFactory" class="org.springframework.orm.hibernate3.LocalSessionFactoryBean">  
		<property name="configLocation">  
			<value>classpath:config/hibernate.cfg.xml</value>  
		</property>  
	</bean>
	-->
	
	<!-- 配置dataSource选用c3p0方式 -->
	<bean id="dataSource" class="com.mchange.v2.c3p0.ComboPooledDataSource">
		<property name="driverClass" value="com.mysql.jdbc.Driver" />
		<property name="jdbcUrl" value="jdbc:mysql://localhost:3306/demofram?useUnicode=true&amp;characterEncoding=utf8" />
		<property name="user" value="root" />
		<property name="password" value="root" />
		<property name="minPoolSize" value="2" />
		<property name="maxPoolSize" value="50" />
		<property name="initialPoolSize" value="10" />
		<property name="maxIdleTime" value="60" />
		<property name="acquireIncrement" value="2" />
	</bean>
	
	<!-- 配置sessionFactory -->
	<bean id="sessionFactory" class="org.springframework.orm.hibernate3.LocalSessionFactoryBean">
		<property name="dataSource" ref="dataSource" />
		<property name="mappingResources">
			<list>
				<value>com/cst/model/Users.hbm.xml</value>
			</list>
		</property>
		<property name="hibernateProperties">
				<props>
					<prop key="hibernate.dialect">org.hibernate.dialect.MySQLInnoDBDialect</prop>
					<prop key="show_sql">true</prop>
				</props>
		</property>
	</bean>
	
	<!-- 配置hibernateTemplate -->
	<bean id="hibernateTemplate" class="org.springframework.orm.hibernate3.HibernateTemplate">
		<property name="sessionFactory" ref="sessionFactory"></property>
	</bean>
	
	<!-- 将事务与Hibernate关联 -->
    <bean id="transactionManager" class="org.springframework.orm.hibernate3.HibernateTransactionManager">
        <property name="sessionFactory">
            <ref local="sessionFactory"/>
        </property>
    </bean>
	
	<!-- 事务（注解 ）-->
    <!--tx:annotation-driven transaction-manager="transactionManager" proxy-target-class="true"/-->
</beans>