<?xml version="1.0" encoding="UTF-8"?>
<beans xmlns="http://www.springframework.org/schema/beans"
	   xmlns:xsi="http://www.w3.org/2001/XMLSchema-instance"
	   xmlns:context="http://www.springframework.org/schema/context"
	   xmlns:mvc="http://www.springframework.org/schema/mvc" 
	   xsi:schemaLocation="http://www.springframework.org/schema/beans http://www.springframework.org/schema/beans/spring-beans-3.0.xsd http://www.springframework.org/schema/context http://www.springframework.org/schema/context/spring-context-3.0.xsd http://www.springframework.org/schema/mvc http://www.springframework.org/schema/mvc/spring-mvc-3.0.xsd">
	
	<!-- 启用spring mvc 注解 -->
    <context:annotation-config />
	
    <!-- 把标记了@Controller注解的类转换为bean -->
    <context:component-scan base-package="com.cst.*"></context:component-scan>
	<mvc:annotation-driven />
	
	<!-- 启动Spring MVC的注解功能，完成请求和注解POJO的映射 -->
    <bean class="org.springframework.web.servlet.mvc.annotation.AnnotationMethodHandlerAdapter" />
	
	<!-- 对模型视图名称的解析，即在模型视图名称添加前后缀 -->
	<bean id="viewresolver" class="org.springframework.web.servlet.view.InternalResourceViewResolver">
		<property name="prefix">
			<value>/WEB-INF/jsp/</value>
		</property>
		<property name="suffix">
			<value>.jsp</value>
		</property>
	</bean>
    
    <!-- 设置编码格式 -->
    <bean id="multipartResolver" class="org.springframework.web.multipart.commons.CommonsMultipartResolver">
        <property name="defaultEncoding">
            <value>utf-8</value>
        </property>
    </bean>  
</beans>